id,name,iso3,iso2,phonecode,native,emoji,emojiU
1,Afghanistan,AFG,AF,93,Ø§ÙØºØ§Ù†Ø³ØªØ§Ù†,ğŸ‡¦ğŸ‡«,U+1F1E6 U+1F1EB
2,Aland Islands,ALA,AX,358,Ã…land,ğŸ‡¦ğŸ‡½,U+1F1E6 U+1F1FD
3,Albania,ALB,AL,355,ShqipÃ«ria,ğŸ‡¦ğŸ‡±,U+1F1E6 U+1F1F1
4,Algeria,DZA,DZ,213,Ø§Ù„Ø¬Ø²Ø§Ø¦Ø±,ğŸ‡©ğŸ‡¿,U+1F1E9 U+1F1FF
5,American Samoa,ASM,AS,1,American Samoa,ğŸ‡¦ğŸ‡¸,U+1F1E6 U+1F1F8
6,Andorra,AND,AD,376,Andorra,ğŸ‡¦ğŸ‡©,U+1F1E6 U+1F1E9
7,Angola,AGO,AO,244,Angola,ğŸ‡¦ğŸ‡´,U+1F1E6 U+1F1F4
8,Anguilla,AIA,AI,1,Anguilla,ğŸ‡¦ğŸ‡®,U+1F1E6 U+1F1EE
9,Antarctica,ATA,AQ,672,Antarctica,ğŸ‡¦ğŸ‡¶,U+1F1E6 U+1F1F6
10,Antigua and Barbuda,ATG,AG,1,Antigua and Barbuda,ğŸ‡¦ğŸ‡¬,U+1F1E6 U+1F1EC
11,Argentina,ARG,AR,54,Argentina,ğŸ‡¦ğŸ‡·,U+1F1E6 U+1F1F7
12,Armenia,ARM,AM,374,Õ€Õ¡ÕµÕ¡Õ½Õ¿Õ¡Õ¶,ğŸ‡¦ğŸ‡²,U+1F1E6 U+1F1F2
13,Aruba,ABW,AW,297,Aruba,ğŸ‡¦ğŸ‡¼,U+1F1E6 U+1F1FC
14,Australia,AUS,AU,61,Australia,ğŸ‡¦ğŸ‡º,U+1F1E6 U+1F1FA
15,Austria,AUT,AT,43,Ã–sterreich,ğŸ‡¦ğŸ‡¹,U+1F1E6 U+1F1F9
16,Azerbaijan,AZE,AZ,994,AzÉ™rbaycan,ğŸ‡¦ğŸ‡¿,U+1F1E6 U+1F1FF
18,Bahrain,BHR,BH,973,â€Ø§Ù„Ø¨Ø­Ø±ÙŠÙ†,ğŸ‡§ğŸ‡­,U+1F1E7 U+1F1ED
19,Bangladesh,BGD,BD,880,Bangladesh,ğŸ‡§ğŸ‡©,U+1F1E7 U+1F1E9
20,Barbados,BRB,BB,1,Barbados,ğŸ‡§ğŸ‡§,U+1F1E7 U+1F1E7
21,Belarus,BLR,BY,375,Ğ‘ĞµĞ»Ğ°Ñ€ÑƒÌÑÑŒ,ğŸ‡§ğŸ‡¾,U+1F1E7 U+1F1FE
22,Belgium,BEL,BE,32,BelgiÃ«,ğŸ‡§ğŸ‡ª,U+1F1E7 U+1F1EA
23,Belize,BLZ,BZ,501,Belize,ğŸ‡§ğŸ‡¿,U+1F1E7 U+1F1FF
24,Benin,BEN,BJ,229,BÃ©nin,ğŸ‡§ğŸ‡¯,U+1F1E7 U+1F1EF
25,Bermuda,BMU,BM,1,Bermuda,ğŸ‡§ğŸ‡²,U+1F1E7 U+1F1F2
26,Bhutan,BTN,BT,975,Ê¼brug-yul,ğŸ‡§ğŸ‡¹,U+1F1E7 U+1F1F9
27,Bolivia,BOL,BO,591,Bolivia,ğŸ‡§ğŸ‡´,U+1F1E7 U+1F1F4
155,"Bonaire, Sint Eustatius and Saba",BES,BQ,599,Caribisch Nederland,ğŸ‡§ğŸ‡¶,U+1F1E7 U+1F1F6
28,Bosnia and Herzegovina,BIH,BA,387,Bosna i Hercegovina,ğŸ‡§ğŸ‡¦,U+1F1E7 U+1F1E6
29,Botswana,BWA,BW,267,Botswana,ğŸ‡§ğŸ‡¼,U+1F1E7 U+1F1FC
30,Bouvet Island,BVT,BV,0055,BouvetÃ¸ya,ğŸ‡§ğŸ‡»,U+1F1E7 U+1F1FB
31,Brazil,BRA,BR,55,Brasil,ğŸ‡§ğŸ‡·,U+1F1E7 U+1F1F7
32,British Indian Ocean Territory,IOT,IO,246,British Indian Ocean Territory,ğŸ‡®ğŸ‡´,U+1F1EE U+1F1F4
33,Brunei,BRN,BN,673,Negara Brunei Darussalam,ğŸ‡§ğŸ‡³,U+1F1E7 U+1F1F3
34,Bulgaria,BGR,BG,359,Ğ‘ÑŠĞ»Ğ³Ğ°Ñ€Ğ¸Ñ,ğŸ‡§ğŸ‡¬,U+1F1E7 U+1F1EC
35,Burkina Faso,BFA,BF,226,Burkina Faso,ğŸ‡§ğŸ‡«,U+1F1E7 U+1F1EB
36,Burundi,BDI,BI,257,Burundi,ğŸ‡§ğŸ‡®,U+1F1E7 U+1F1EE
37,Cambodia,KHM,KH,855,KÃ¢mpÅ­chÃ©a,ğŸ‡°ğŸ‡­,U+1F1F0 U+1F1ED
38,Cameroon,CMR,CM,237,Cameroon,ğŸ‡¨ğŸ‡²,U+1F1E8 U+1F1F2
39,Canada,CAN,CA,1,Canada,ğŸ‡¨ğŸ‡¦,U+1F1E8 U+1F1E6
40,Cape Verde,CPV,CV,238,Cabo Verde,ğŸ‡¨ğŸ‡»,U+1F1E8 U+1F1FB
41,Cayman Islands,CYM,KY,1,Cayman Islands,ğŸ‡°ğŸ‡¾,U+1F1F0 U+1F1FE
42,Central African Republic,CAF,CF,236,KÃ¶dÃ¶rÃ¶sÃªse tÃ® BÃªafrÃ®ka,ğŸ‡¨ğŸ‡«,U+1F1E8 U+1F1EB
43,Chad,TCD,TD,235,Tchad,ğŸ‡¹ğŸ‡©,U+1F1F9 U+1F1E9
44,Chile,CHL,CL,56,Chile,ğŸ‡¨ğŸ‡±,U+1F1E8 U+1F1F1
45,China,CHN,CN,86,ä¸­å›½,ğŸ‡¨ğŸ‡³,U+1F1E8 U+1F1F3
46,Christmas Island,CXR,CX,61,Christmas Island,ğŸ‡¨ğŸ‡½,U+1F1E8 U+1F1FD
47,Cocos (Keeling) Islands,CCK,CC,61,Cocos (Keeling) Islands,ğŸ‡¨ğŸ‡¨,U+1F1E8 U+1F1E8
48,Colombia,COL,CO,57,Colombia,ğŸ‡¨ğŸ‡´,U+1F1E8 U+1F1F4
49,Comoros,COM,KM,269,Komori,ğŸ‡°ğŸ‡²,U+1F1F0 U+1F1F2
50,Congo,COG,CG,242,RÃ©publique du Congo,ğŸ‡¨ğŸ‡¬,U+1F1E8 U+1F1EC
52,Cook Islands,COK,CK,682,Cook Islands,ğŸ‡¨ğŸ‡°,U+1F1E8 U+1F1F0
53,Costa Rica,CRI,CR,506,Costa Rica,ğŸ‡¨ğŸ‡·,U+1F1E8 U+1F1F7
54,Cote D'Ivoire (Ivory Coast),CIV,CI,225,,ğŸ‡¨ğŸ‡®,U+1F1E8 U+1F1EE
55,Croatia,HRV,HR,385,Hrvatska,ğŸ‡­ğŸ‡·,U+1F1ED U+1F1F7
56,Cuba,CUB,CU,53,Cuba,ğŸ‡¨ğŸ‡º,U+1F1E8 U+1F1FA
249,CuraÃ§ao,CUW,CW,599,CuraÃ§ao,ğŸ‡¨ğŸ‡¼,U+1F1E8 U+1F1FC
57,Cyprus,CYP,CY,357,ÎšÏÏ€ÏÎ¿Ï‚,ğŸ‡¨ğŸ‡¾,U+1F1E8 U+1F1FE
58,Czech Republic,CZE,CZ,420,ÄŒeskÃ¡ republika,ğŸ‡¨ğŸ‡¿,U+1F1E8 U+1F1FF
51,Democratic Republic of the Congo,COD,CD,243,RÃ©publique dÃ©mocratique du Congo,ğŸ‡¨ğŸ‡©,U+1F1E8 U+1F1E9
59,Denmark,DNK,DK,45,Danmark,ğŸ‡©ğŸ‡°,U+1F1E9 U+1F1F0
60,Djibouti,DJI,DJ,253,Djibouti,ğŸ‡©ğŸ‡¯,U+1F1E9 U+1F1EF
61,Dominica,DMA,DM,1,Dominica,ğŸ‡©ğŸ‡²,U+1F1E9 U+1F1F2
62,Dominican Republic,DOM,DO,1,RepÃºblica Dominicana,ğŸ‡©ğŸ‡´,U+1F1E9 U+1F1F4
64,Ecuador,ECU,EC,593,Ecuador,ğŸ‡ªğŸ‡¨,U+1F1EA U+1F1E8
65,Egypt,EGY,EG,20,Ù…ØµØ±â€,ğŸ‡ªğŸ‡¬,U+1F1EA U+1F1EC
66,El Salvador,SLV,SV,503,El Salvador,ğŸ‡¸ğŸ‡»,U+1F1F8 U+1F1FB
67,Equatorial Guinea,GNQ,GQ,240,Guinea Ecuatorial,ğŸ‡¬ğŸ‡¶,U+1F1EC U+1F1F6
68,Eritrea,ERI,ER,291,áŠ¤áˆ­á‰µáˆ«,ğŸ‡ªğŸ‡·,U+1F1EA U+1F1F7
69,Estonia,EST,EE,372,Eesti,ğŸ‡ªğŸ‡ª,U+1F1EA U+1F1EA
212,Eswatini,SWZ,SZ,268,Swaziland,ğŸ‡¸ğŸ‡¿,U+1F1F8 U+1F1FF
70,Ethiopia,ETH,ET,251,áŠ¢á‰µá‹®áŒµá‹«,ğŸ‡ªğŸ‡¹,U+1F1EA U+1F1F9
71,Falkland Islands,FLK,FK,500,Falkland Islands,ğŸ‡«ğŸ‡°,U+1F1EB U+1F1F0
72,Faroe Islands,FRO,FO,298,FÃ¸royar,ğŸ‡«ğŸ‡´,U+1F1EB U+1F1F4
73,Fiji Islands,FJI,FJ,679,Fiji,ğŸ‡«ğŸ‡¯,U+1F1EB U+1F1EF
74,Finland,FIN,FI,358,Suomi,ğŸ‡«ğŸ‡®,U+1F1EB U+1F1EE
75,France,FRA,FR,33,France,ğŸ‡«ğŸ‡·,U+1F1EB U+1F1F7
76,French Guiana,GUF,GF,594,Guyane franÃ§aise,ğŸ‡¬ğŸ‡«,U+1F1EC U+1F1EB
77,French Polynesia,PYF,PF,689,PolynÃ©sie franÃ§aise,ğŸ‡µğŸ‡«,U+1F1F5 U+1F1EB
78,French Southern Territories,ATF,TF,262,Territoire des Terres australes et antarctiques fr,ğŸ‡¹ğŸ‡«,U+1F1F9 U+1F1EB
79,Gabon,GAB,GA,241,Gabon,ğŸ‡¬ğŸ‡¦,U+1F1EC U+1F1E6
81,Georgia,GEO,GE,995,áƒ¡áƒáƒ¥áƒáƒ áƒ—áƒ•áƒ”áƒšáƒ,ğŸ‡¬ğŸ‡ª,U+1F1EC U+1F1EA
82,Germany,DEU,DE,49,Deutschland,ğŸ‡©ğŸ‡ª,U+1F1E9 U+1F1EA
83,Ghana,GHA,GH,233,Ghana,ğŸ‡¬ğŸ‡­,U+1F1EC U+1F1ED
84,Gibraltar,GIB,GI,350,Gibraltar,ğŸ‡¬ğŸ‡®,U+1F1EC U+1F1EE
85,Greece,GRC,GR,30,Î•Î»Î»Î¬Î´Î±,ğŸ‡¬ğŸ‡·,U+1F1EC U+1F1F7
86,Greenland,GRL,GL,299,Kalaallit Nunaat,ğŸ‡¬ğŸ‡±,U+1F1EC U+1F1F1
87,Grenada,GRD,GD,1,Grenada,ğŸ‡¬ğŸ‡©,U+1F1EC U+1F1E9
88,Guadeloupe,GLP,GP,590,Guadeloupe,ğŸ‡¬ğŸ‡µ,U+1F1EC U+1F1F5
89,Guam,GUM,GU,1,Guam,ğŸ‡¬ğŸ‡º,U+1F1EC U+1F1FA
90,Guatemala,GTM,GT,502,Guatemala,ğŸ‡¬ğŸ‡¹,U+1F1EC U+1F1F9
91,Guernsey and Alderney,GGY,GG,44,Guernsey,ğŸ‡¬ğŸ‡¬,U+1F1EC U+1F1EC
92,Guinea,GIN,GN,224,GuinÃ©e,ğŸ‡¬ğŸ‡³,U+1F1EC U+1F1F3
93,Guinea-Bissau,GNB,GW,245,GuinÃ©-Bissau,ğŸ‡¬ğŸ‡¼,U+1F1EC U+1F1FC
94,Guyana,GUY,GY,592,Guyana,ğŸ‡¬ğŸ‡¾,U+1F1EC U+1F1FE
95,Haiti,HTI,HT,509,HaÃ¯ti,ğŸ‡­ğŸ‡¹,U+1F1ED U+1F1F9
96,Heard Island and McDonald Islands,HMD,HM,672,Heard Island and McDonald Islands,ğŸ‡­ğŸ‡²,U+1F1ED U+1F1F2
97,Honduras,HND,HN,504,Honduras,ğŸ‡­ğŸ‡³,U+1F1ED U+1F1F3
98,Hong Kong S.A.R.,HKG,HK,852,é¦™æ¸¯,ğŸ‡­ğŸ‡°,U+1F1ED U+1F1F0
99,Hungary,HUN,HU,36,MagyarorszÃ¡g,ğŸ‡­ğŸ‡º,U+1F1ED U+1F1FA
100,Iceland,ISL,IS,354,Ãsland,ğŸ‡®ğŸ‡¸,U+1F1EE U+1F1F8
101,India,IND,IN,91,à¤­à¤¾à¤°à¤¤,ğŸ‡®ğŸ‡³,U+1F1EE U+1F1F3
102,Indonesia,IDN,ID,62,Indonesia,ğŸ‡®ğŸ‡©,U+1F1EE U+1F1E9
103,Iran,IRN,IR,98,Ø§ÛŒØ±Ø§Ù†,ğŸ‡®ğŸ‡·,U+1F1EE U+1F1F7
104,Iraq,IRQ,IQ,964,Ø§Ù„Ø¹Ø±Ø§Ù‚,ğŸ‡®ğŸ‡¶,U+1F1EE U+1F1F6
105,Ireland,IRL,IE,353,Ã‰ire,ğŸ‡®ğŸ‡ª,U+1F1EE U+1F1EA
106,Israel,ISR,IL,972,×™Ö´×©Ö°×‚×¨Ö¸×Öµ×œ,ğŸ‡®ğŸ‡±,U+1F1EE U+1F1F1
107,Italy,ITA,IT,39,Italia,ğŸ‡®ğŸ‡¹,U+1F1EE U+1F1F9
108,Jamaica,JAM,JM,1,Jamaica,ğŸ‡¯ğŸ‡²,U+1F1EF U+1F1F2
109,Japan,JPN,JP,81,æ—¥æœ¬,ğŸ‡¯ğŸ‡µ,U+1F1EF U+1F1F5
110,Jersey,JEY,JE,44,Jersey,ğŸ‡¯ğŸ‡ª,U+1F1EF U+1F1EA
111,Jordan,JOR,JO,962,Ø§Ù„Ø£Ø±Ø¯Ù†,ğŸ‡¯ğŸ‡´,U+1F1EF U+1F1F4
112,Kazakhstan,KAZ,KZ,7,ÒšĞ°Ğ·Ğ°Ò›ÑÑ‚Ğ°Ğ½,ğŸ‡°ğŸ‡¿,U+1F1F0 U+1F1FF
113,Kenya,KEN,KE,254,Kenya,ğŸ‡°ğŸ‡ª,U+1F1F0 U+1F1EA
114,Kiribati,KIR,KI,686,Kiribati,ğŸ‡°ğŸ‡®,U+1F1F0 U+1F1EE
248,Kosovo,XKX,XK,383,Republika e KosovÃ«s,ğŸ‡½ğŸ‡°,U+1F1FD U+1F1F0
117,Kuwait,KWT,KW,965,Ø§Ù„ÙƒÙˆÙŠØª,ğŸ‡°ğŸ‡¼,U+1F1F0 U+1F1FC
118,Kyrgyzstan,KGZ,KG,996,ĞšÑ‹Ñ€Ğ³Ñ‹Ğ·ÑÑ‚Ğ°Ğ½,ğŸ‡°ğŸ‡¬,U+1F1F0 U+1F1EC
119,Laos,LAO,LA,856,àºªàº›àº›àº¥àº²àº§,ğŸ‡±ğŸ‡¦,U+1F1F1 U+1F1E6
120,Latvia,LVA,LV,371,Latvija,ğŸ‡±ğŸ‡»,U+1F1F1 U+1F1FB
121,Lebanon,LBN,LB,961,Ù„Ø¨Ù†Ø§Ù†,ğŸ‡±ğŸ‡§,U+1F1F1 U+1F1E7
122,Lesotho,LSO,LS,266,Lesotho,ğŸ‡±ğŸ‡¸,U+1F1F1 U+1F1F8
123,Liberia,LBR,LR,231,Liberia,ğŸ‡±ğŸ‡·,U+1F1F1 U+1F1F7
124,Libya,LBY,LY,218,â€Ù„ÙŠØ¨ÙŠØ§,ğŸ‡±ğŸ‡¾,U+1F1F1 U+1F1FE
125,Liechtenstein,LIE,LI,423,Liechtenstein,ğŸ‡±ğŸ‡®,U+1F1F1 U+1F1EE
126,Lithuania,LTU,LT,370,Lietuva,ğŸ‡±ğŸ‡¹,U+1F1F1 U+1F1F9
127,Luxembourg,LUX,LU,352,Luxembourg,ğŸ‡±ğŸ‡º,U+1F1F1 U+1F1FA
128,Macau S.A.R.,MAC,MO,853,æ¾³é–€,ğŸ‡²ğŸ‡´,U+1F1F2 U+1F1F4
130,Madagascar,MDG,MG,261,Madagasikara,ğŸ‡²ğŸ‡¬,U+1F1F2 U+1F1EC
131,Malawi,MWI,MW,265,Malawi,ğŸ‡²ğŸ‡¼,U+1F1F2 U+1F1FC
132,Malaysia,MYS,MY,60,Malaysia,ğŸ‡²ğŸ‡¾,U+1F1F2 U+1F1FE
133,Maldives,MDV,MV,960,Maldives,ğŸ‡²ğŸ‡»,U+1F1F2 U+1F1FB
134,Mali,MLI,ML,223,Mali,ğŸ‡²ğŸ‡±,U+1F1F2 U+1F1F1
135,Malta,MLT,MT,356,Malta,ğŸ‡²ğŸ‡¹,U+1F1F2 U+1F1F9
136,Man (Isle of),IMN,IM,44,Isle of Man,ğŸ‡®ğŸ‡²,U+1F1EE U+1F1F2
137,Marshall Islands,MHL,MH,692,MÌ§ajeÄ¼,ğŸ‡²ğŸ‡­,U+1F1F2 U+1F1ED
138,Martinique,MTQ,MQ,596,Martinique,ğŸ‡²ğŸ‡¶,U+1F1F2 U+1F1F6
139,Mauritania,MRT,MR,222,Ù…ÙˆØ±ÙŠØªØ§Ù†ÙŠØ§,ğŸ‡²ğŸ‡·,U+1F1F2 U+1F1F7
140,Mauritius,MUS,MU,230,Maurice,ğŸ‡²ğŸ‡º,U+1F1F2 U+1F1FA
141,Mayotte,MYT,YT,262,Mayotte,ğŸ‡¾ğŸ‡¹,U+1F1FE U+1F1F9
142,Mexico,MEX,MX,52,MÃ©xico,ğŸ‡²ğŸ‡½,U+1F1F2 U+1F1FD
143,Micronesia,FSM,FM,691,Micronesia,ğŸ‡«ğŸ‡²,U+1F1EB U+1F1F2
144,Moldova,MDA,MD,373,Moldova,ğŸ‡²ğŸ‡©,U+1F1F2 U+1F1E9
145,Monaco,MCO,MC,377,Monaco,ğŸ‡²ğŸ‡¨,U+1F1F2 U+1F1E8
146,Mongolia,MNG,MN,976,ĞœĞ¾Ğ½Ğ³Ğ¾Ğ» ÑƒĞ»Ñ,ğŸ‡²ğŸ‡³,U+1F1F2 U+1F1F3
147,Montenegro,MNE,ME,382,Ğ¦Ñ€Ğ½Ğ° Ğ“Ğ¾Ñ€Ğ°,ğŸ‡²ğŸ‡ª,U+1F1F2 U+1F1EA
148,Montserrat,MSR,MS,1,Montserrat,ğŸ‡²ğŸ‡¸,U+1F1F2 U+1F1F8
149,Morocco,MAR,MA,212,Ø§Ù„Ù…ØºØ±Ø¨,ğŸ‡²ğŸ‡¦,U+1F1F2 U+1F1E6
150,Mozambique,MOZ,MZ,258,MoÃ§ambique,ğŸ‡²ğŸ‡¿,U+1F1F2 U+1F1FF
151,Myanmar,MMR,MM,95,á€™á€¼á€”á€ºá€™á€¬,ğŸ‡²ğŸ‡²,U+1F1F2 U+1F1F2
152,Namibia,NAM,NA,264,Namibia,ğŸ‡³ğŸ‡¦,U+1F1F3 U+1F1E6
153,Nauru,NRU,NR,674,Nauru,ğŸ‡³ğŸ‡·,U+1F1F3 U+1F1F7
154,Nepal,NPL,NP,977,à¤¨à¤ªà¤²,ğŸ‡³ğŸ‡µ,U+1F1F3 U+1F1F5
156,Netherlands,NLD,NL,31,Nederland,ğŸ‡³ğŸ‡±,U+1F1F3 U+1F1F1
157,New Caledonia,NCL,NC,687,Nouvelle-CalÃ©donie,ğŸ‡³ğŸ‡¨,U+1F1F3 U+1F1E8
158,New Zealand,NZL,NZ,64,New Zealand,ğŸ‡³ğŸ‡¿,U+1F1F3 U+1F1FF
159,Nicaragua,NIC,NI,505,Nicaragua,ğŸ‡³ğŸ‡®,U+1F1F3 U+1F1EE
160,Niger,NER,NE,227,Niger,ğŸ‡³ğŸ‡ª,U+1F1F3 U+1F1EA
161,Nigeria,NGA,NG,234,Nigeria,ğŸ‡³ğŸ‡¬,U+1F1F3 U+1F1EC
162,Niue,NIU,NU,683,NiuÄ“,ğŸ‡³ğŸ‡º,U+1F1F3 U+1F1FA
163,Norfolk Island,NFK,NF,672,Norfolk Island,ğŸ‡³ğŸ‡«,U+1F1F3 U+1F1EB
115,North Korea,PRK,KP,850,ë¶í•œ,ğŸ‡°ğŸ‡µ,U+1F1F0 U+1F1F5
129,North Macedonia,MKD,MK,389,Ğ¡ĞµĞ²ĞµÑ€Ğ½Ğ° ĞœĞ°ĞºĞµĞ´Ğ¾Ğ½Ğ¸Ñ˜Ğ°,ğŸ‡²ğŸ‡°,U+1F1F2 U+1F1F0
164,Northern Mariana Islands,MNP,MP,1,Northern Mariana Islands,ğŸ‡²ğŸ‡µ,U+1F1F2 U+1F1F5
165,Norway,NOR,NO,47,Norge,ğŸ‡³ğŸ‡´,U+1F1F3 U+1F1F4
166,Oman,OMN,OM,968,Ø¹Ù…Ø§Ù†,ğŸ‡´ğŸ‡²,U+1F1F4 U+1F1F2
167,Pakistan,PAK,PK,92,Ù¾Ø§Ú©Ø³ØªØ§Ù†,ğŸ‡µğŸ‡°,U+1F1F5 U+1F1F0
168,Palau,PLW,PW,680,Palau,ğŸ‡µğŸ‡¼,U+1F1F5 U+1F1FC
169,Palestinian Territory Occupied,PSE,PS,970,ÙÙ„Ø³Ø·ÙŠÙ†,ğŸ‡µğŸ‡¸,U+1F1F5 U+1F1F8
170,Panama,PAN,PA,507,PanamÃ¡,ğŸ‡µğŸ‡¦,U+1F1F5 U+1F1E6
171,Papua New Guinea,PNG,PG,675,Papua Niugini,ğŸ‡µğŸ‡¬,U+1F1F5 U+1F1EC
172,Paraguay,PRY,PY,595,Paraguay,ğŸ‡µğŸ‡¾,U+1F1F5 U+1F1FE
173,Peru,PER,PE,51,PerÃº,ğŸ‡µğŸ‡ª,U+1F1F5 U+1F1EA
174,Philippines,PHL,PH,63,Pilipinas,ğŸ‡µğŸ‡­,U+1F1F5 U+1F1ED
175,Pitcairn Island,PCN,PN,870,Pitcairn Islands,ğŸ‡µğŸ‡³,U+1F1F5 U+1F1F3
176,Poland,POL,PL,48,Polska,ğŸ‡µğŸ‡±,U+1F1F5 U+1F1F1
177,Portugal,PRT,PT,351,Portugal,ğŸ‡µğŸ‡¹,U+1F1F5 U+1F1F9
178,Puerto Rico,PRI,PR,1,Puerto Rico,ğŸ‡µğŸ‡·,U+1F1F5 U+1F1F7
179,Qatar,QAT,QA,974,Ù‚Ø·Ø±,ğŸ‡¶ğŸ‡¦,U+1F1F6 U+1F1E6
180,Reunion,REU,RE,262,La RÃ©union,ğŸ‡·ğŸ‡ª,U+1F1F7 U+1F1EA
181,Romania,ROU,RO,40,RomÃ¢nia,ğŸ‡·ğŸ‡´,U+1F1F7 U+1F1F4
182,Russia,RUS,RU,7,Ğ Ğ¾ÑÑĞ¸Ñ,ğŸ‡·ğŸ‡º,U+1F1F7 U+1F1FA
183,Rwanda,RWA,RW,250,Rwanda,ğŸ‡·ğŸ‡¼,U+1F1F7 U+1F1FC
184,Saint Helena,SHN,SH,290,Saint Helena,ğŸ‡¸ğŸ‡­,U+1F1F8 U+1F1ED
185,Saint Kitts and Nevis,KNA,KN,1,Saint Kitts and Nevis,ğŸ‡°ğŸ‡³,U+1F1F0 U+1F1F3
186,Saint Lucia,LCA,LC,1,Saint Lucia,ğŸ‡±ğŸ‡¨,U+1F1F1 U+1F1E8
187,Saint Pierre and Miquelon,SPM,PM,508,Saint-Pierre-et-Miquelon,ğŸ‡µğŸ‡²,U+1F1F5 U+1F1F2
188,Saint Vincent and the Grenadines,VCT,VC,1,Saint Vincent and the Grenadines,ğŸ‡»ğŸ‡¨,U+1F1FB U+1F1E8
189,Saint-Barthelemy,BLM,BL,590,Saint-BarthÃ©lemy,ğŸ‡§ğŸ‡±,U+1F1E7 U+1F1F1
190,Saint-Martin (French part),MAF,MF,590,Saint-Martin,ğŸ‡²ğŸ‡«,U+1F1F2 U+1F1EB
191,Samoa,WSM,WS,685,Samoa,ğŸ‡¼ğŸ‡¸,U+1F1FC U+1F1F8
192,San Marino,SMR,SM,378,San Marino,ğŸ‡¸ğŸ‡²,U+1F1F8 U+1F1F2
193,Sao Tome and Principe,STP,ST,239,SÃ£o TomÃ© e PrÃ­ncipe,ğŸ‡¸ğŸ‡¹,U+1F1F8 U+1F1F9
194,Saudi Arabia,SAU,SA,966,Ø§Ù„Ù…Ù…Ù„ÙƒØ© Ø§Ù„Ø¹Ø±Ø¨ÙŠØ© Ø§Ù„Ø³Ø¹ÙˆØ¯ÙŠØ©,ğŸ‡¸ğŸ‡¦,U+1F1F8 U+1F1E6
195,Senegal,SEN,SN,221,SÃ©nÃ©gal,ğŸ‡¸ğŸ‡³,U+1F1F8 U+1F1F3
196,Serbia,SRB,RS,381,Ğ¡Ñ€Ğ±Ğ¸Ñ˜Ğ°,ğŸ‡·ğŸ‡¸,U+1F1F7 U+1F1F8
197,Seychelles,SYC,SC,248,Seychelles,ğŸ‡¸ğŸ‡¨,U+1F1F8 U+1F1E8
198,Sierra Leone,SLE,SL,232,Sierra Leone,ğŸ‡¸ğŸ‡±,U+1F1F8 U+1F1F1
199,Singapore,SGP,SG,65,Singapore,ğŸ‡¸ğŸ‡¬,U+1F1F8 U+1F1EC
250,Sint Maarten (Dutch part),SXM,SX,1721,Sint Maarten,ğŸ‡¸ğŸ‡½,U+1F1F8 U+1F1FD
200,Slovakia,SVK,SK,421,Slovensko,ğŸ‡¸ğŸ‡°,U+1F1F8 U+1F1F0
201,Slovenia,SVN,SI,386,Slovenija,ğŸ‡¸ğŸ‡®,U+1F1F8 U+1F1EE
202,Solomon Islands,SLB,SB,677,Solomon Islands,ğŸ‡¸ğŸ‡§,U+1F1F8 U+1F1E7
203,Somalia,SOM,SO,252,Soomaaliya,ğŸ‡¸ğŸ‡´,U+1F1F8 U+1F1F4
204,South Africa,ZAF,ZA,27,South Africa,ğŸ‡¿ğŸ‡¦,U+1F1FF U+1F1E6
205,South Georgia,SGS,GS,500,South Georgia,ğŸ‡¬ğŸ‡¸,U+1F1EC U+1F1F8
116,South Korea,KOR,KR,82,ëŒ€í•œë¯¼êµ­,ğŸ‡°ğŸ‡·,U+1F1F0 U+1F1F7
206,South Sudan,SSD,SS,211,South Sudan,ğŸ‡¸ğŸ‡¸,U+1F1F8 U+1F1F8
207,Spain,ESP,ES,34,EspaÃ±a,ğŸ‡ªğŸ‡¸,U+1F1EA U+1F1F8
208,Sri Lanka,LKA,LK,94,Å›rÄ« laá¹ƒkÄva,ğŸ‡±ğŸ‡°,U+1F1F1 U+1F1F0
209,Sudan,SDN,SD,249,Ø§Ù„Ø³ÙˆØ¯Ø§Ù†,ğŸ‡¸ğŸ‡©,U+1F1F8 U+1F1E9
210,Suriname,SUR,SR,597,Suriname,ğŸ‡¸ğŸ‡·,U+1F1F8 U+1F1F7
211,Svalbard and Jan Mayen Islands,SJM,SJ,47,Svalbard og Jan Mayen,ğŸ‡¸ğŸ‡¯,U+1F1F8 U+1F1EF
213,Sweden,SWE,SE,46,Sverige,ğŸ‡¸ğŸ‡ª,U+1F1F8 U+1F1EA
214,Switzerland,CHE,CH,41,Schweiz,ğŸ‡¨ğŸ‡­,U+1F1E8 U+1F1ED
215,Syria,SYR,SY,963,Ø³ÙˆØ±ÙŠØ§,ğŸ‡¸ğŸ‡¾,U+1F1F8 U+1F1FE
216,Taiwan,TWN,TW,886,è‡ºç£,ğŸ‡¹ğŸ‡¼,U+1F1F9 U+1F1FC
217,Tajikistan,TJK,TJ,992,Ğ¢Ğ¾Ò·Ğ¸ĞºĞ¸ÑÑ‚Ğ¾Ğ½,ğŸ‡¹ğŸ‡¯,U+1F1F9 U+1F1EF
218,Tanzania,TZA,TZ,255,Tanzania,ğŸ‡¹ğŸ‡¿,U+1F1F9 U+1F1FF
219,Thailand,THA,TH,66,à¸›à¸£à¸°à¹€à¸—à¸¨à¹„à¸—à¸¢,ğŸ‡¹ğŸ‡­,U+1F1F9 U+1F1ED
17,The Bahamas,BHS,BS,1,Bahamas,ğŸ‡§ğŸ‡¸,U+1F1E7 U+1F1F8
80,The Gambia ,GMB,GM,220,Gambia,ğŸ‡¬ğŸ‡²,U+1F1EC U+1F1F2
63,Timor-Leste,TLS,TL,670,Timor-Leste,ğŸ‡¹ğŸ‡±,U+1F1F9 U+1F1F1
220,Togo,TGO,TG,228,Togo,ğŸ‡¹ğŸ‡¬,U+1F1F9 U+1F1EC
221,Tokelau,TKL,TK,690,Tokelau,ğŸ‡¹ğŸ‡°,U+1F1F9 U+1F1F0
222,Tonga,TON,TO,676,Tonga,ğŸ‡¹ğŸ‡´,U+1F1F9 U+1F1F4
223,Trinidad and Tobago,TTO,TT,1,Trinidad and Tobago,ğŸ‡¹ğŸ‡¹,U+1F1F9 U+1F1F9
224,Tunisia,TUN,TN,216,ØªÙˆÙ†Ø³,ğŸ‡¹ğŸ‡³,U+1F1F9 U+1F1F3
225,Turkey,TUR,TR,90,TÃ¼rkiye,ğŸ‡¹ğŸ‡·,U+1F1F9 U+1F1F7
226,Turkmenistan,TKM,TM,993,TÃ¼rkmenistan,ğŸ‡¹ğŸ‡²,U+1F1F9 U+1F1F2
227,Turks and Caicos Islands,TCA,TC,1,Turks and Caicos Islands,ğŸ‡¹ğŸ‡¨,U+1F1F9 U+1F1E8
228,Tuvalu,TUV,TV,688,Tuvalu,ğŸ‡¹ğŸ‡»,U+1F1F9 U+1F1FB
229,Uganda,UGA,UG,256,Uganda,ğŸ‡ºğŸ‡¬,U+1F1FA U+1F1EC
230,Ukraine,UKR,UA,380,Ğ£ĞºÑ€Ğ°Ñ—Ğ½Ğ°,ğŸ‡ºğŸ‡¦,U+1F1FA U+1F1E6
231,United Arab Emirates,ARE,AE,971,Ø¯ÙˆÙ„Ø© Ø§Ù„Ø¥Ù…Ø§Ø±Ø§Øª Ø§Ù„Ø¹Ø±Ø¨ÙŠØ© Ø§Ù„Ù…ØªØ­Ø¯Ø©,ğŸ‡¦ğŸ‡ª,U+1F1E6 U+1F1EA
232,United Kingdom,GBR,GB,44,United Kingdom,ğŸ‡¬ğŸ‡§,U+1F1EC U+1F1E7
233,United States,USA,US,1,United States,ğŸ‡ºğŸ‡¸,U+1F1FA U+1F1F8
234,United States Minor Outlying Islands,UMI,UM,1,United States Minor Outlying Islands,ğŸ‡ºğŸ‡²,U+1F1FA U+1F1F2
235,Uruguay,URY,UY,598,Uruguay,ğŸ‡ºğŸ‡¾,U+1F1FA U+1F1FE
236,Uzbekistan,UZB,UZ,998,Oâ€˜zbekiston,ğŸ‡ºğŸ‡¿,U+1F1FA U+1F1FF
237,Vanuatu,VUT,VU,678,Vanuatu,ğŸ‡»ğŸ‡º,U+1F1FB U+1F1FA
238,Vatican City State (Holy See),VAT,VA,379,Vaticano,ğŸ‡»ğŸ‡¦,U+1F1FB U+1F1E6
239,Venezuela,VEN,VE,58,Venezuela,ğŸ‡»ğŸ‡ª,U+1F1FB U+1F1EA
240,Vietnam,VNM,VN,84,Viá»‡t Nam,ğŸ‡»ğŸ‡³,U+1F1FB U+1F1F3
241,Virgin Islands (British),VGB,VG,1,British Virgin Islands,ğŸ‡»ğŸ‡¬,U+1F1FB U+1F1EC
242,Virgin Islands (US),VIR,VI,1,United States Virgin Islands,ğŸ‡»ğŸ‡®,U+1F1FB U+1F1EE
243,Wallis and Futuna Islands,WLF,WF,681,Wallis et Futuna,ğŸ‡¼ğŸ‡«,U+1F1FC U+1F1EB
244,Western Sahara,ESH,EH,212,Ø§Ù„ØµØ­Ø±Ø§Ø¡ Ø§Ù„ØºØ±Ø¨ÙŠØ©,ğŸ‡ªğŸ‡­,U+1F1EA U+1F1ED
245,Yemen,YEM,YE,967,Ø§Ù„ÙŠÙÙ…ÙÙ†,ğŸ‡¾ğŸ‡ª,U+1F1FE U+1F1EA
246,Zambia,ZMB,ZM,260,Zambia,ğŸ‡¿ğŸ‡²,U+1F1FF U+1F1F2
247,Zimbabwe,ZWE,ZW,263,Zimbabwe,ğŸ‡¿ğŸ‡¼,U+1F1FF U+1F1FC
